"0","base_recipe <- recipe(SepsisLabel ~ ., data = train) |>"
"0","  step_rm(ICULOS, HospAdmTime) |>"
"0","  step_indicate_na(all_numeric_predictors(), prefix = ""miss"") |>"
"0","  step_impute_median(all_numeric_predictors()) |>"
"0","  step_impute_mode(all_nominal_predictors()) |>"
"0","  step_novel(all_nominal_predictors()) |>"
"0","  step_dummy(all_nominal_predictors(), one_hot = FALSE) |>"
"0","  step_zv(all_predictors())"
"0",""
"0","glm_recipe <- base_recipe |>"
"0","  step_normalize(all_numeric_predictors())"
